Name,f,,u,,m,,score (out of 10),
Nexus devices,0.5172257222316817,0.0016835905865468328,0.491958474128774,0.002951980649570556,0.5321969696969697,0.008358869705632788,5.764806065273449,0.016138574146991356
non-Nexus devices,0.10787046380006328,0.0002269676145343161,0.021769725010655064,0.00012489070782895637,0.5705368289637952,2.121512987821141e-06,2.6634688118262875,0.0009821489669407763
