Name,f,,u,,m,,score (out of 10),
Nexus devices,0.4509894155545329,0.0018043037345474998,0.4974117033667513,0.0030350052433495817,0.548828125,0.008621241491144821,5.493010786273441,0.016706523410295552
non-Nexus devices,0.09581541314178424,0.0002222547896108465,0.021384483217763116,0.00013425826138727207,0.5870263326910726,2.191122571026461e-06,2.591319755219667,0.000976008045781137
